model_name,input_size,hidden_size,num_layers,includes_penn,includes_damp,mean_step_time_ms,std_step_time_ms,mean_total_time_s,steps_per_second,std_steps_per_second,num_iterations,num_runs
act_len_64by3.pth,3,64,3,False,False,55.38538699907561,2.6232185782507957,27.692693499537807,18.097214729289437,0.8849443228426244,500,3
damp_64by3.pth,3,64,3,False,True,52.46759226700912,0.9200318993857481,26.23379613350456,19.06526969724639,0.33566040124112023,500,3
fullForce_64by3.pth,4,64,3,True,True,53.16808680084068,1.0837119082516566,26.58404340042034,18.81620459106353,0.3890337612066518,500,3
