{
  "Precomputed_xpbd_substep": {
    "count": 100100,
    "total_time": 136.797798289801,
    "avg_time": 0.0013666113715264834,
    "min_time": 0.0010605000425130129,
    "max_time": 0.006403399980627,
    "std_dev": 0.00018784922239720517
  },
  "Precomputed_classic_substep": {
    "count": 100100,
    "total_time": 7.396562104229815,
    "avg_time": 7.389172931298517e-05,
    "min_time": 4.170008469372988e-05,
    "max_time": 0.00041449989657849073,
    "std_dev": 9.546975949312737e-06
  },
  "Precomputed_total_step": {
    "count": 1001,
    "total_time": 144.78615800174884,
    "avg_time": 0.14464151648526358,
    "min_time": 0.13127159990835935,
    "max_time": 0.2240138000342995,
    "std_dev": 0.007076048396561786
  },
  "simulation_step": {
    "count": 1001,
    "total_time": 144.78849340078887,
    "avg_time": 0.14464384955123763,
    "min_time": 0.13127359992358834,
    "max_time": 0.22401660005562007,
    "std_dev": 0.007076170403597188
  }
}