{
  "Original_xpbd_substep": {
    "count": 100100,
    "total_time": 39.66883160173893,
    "avg_time": 0.0003962920239933959,
    "min_time": 0.000255799968726933,
    "max_time": 0.22705410001799464,
    "std_dev": 0.0007182344392877258
  },
  "Original_classic_substep": {
    "count": 100100,
    "total_time": 6.870715699507855,
    "avg_time": 6.863851847660195e-05,
    "min_time": 3.8499943912029266e-05,
    "max_time": 0.0004773000255227089,
    "std_dev": 8.097584906405191e-06
  },
  "Original_total_step": {
    "count": 1001,
    "total_time": 47.00424330297392,
    "avg_time": 0.046957286016956964,
    "min_time": 0.04264779994264245,
    "max_time": 0.2709721999708563,
    "std_dev": 0.007375572303800538
  },
  "simulation_step": {
    "count": 1001,
    "total_time": 47.0066506016301,
    "avg_time": 0.04695969091071938,
    "min_time": 0.042649999959394336,
    "max_time": 0.2709809000371024,
    "std_dev": 0.007375800292014385
  }
}